raw_score,mcq_score,ans_score,year,scaled_score,mcqs,ans,questions,mcq_prop,ans_prop,prop
23,20,3,2008,510,42,12,54,0.476190476,0.25,0.425925926
24,19,5,2008,520,42,12,54,0.452380952,0.416666667,0.444444444
22,18,4,2008,510,42,12,54,0.428571429,0.333333333,0.407407407
27,23,4,2008,550,42,12,54,0.547619048,0.333333333,0.5
32,24,8,2008,580,42,12,54,0.571428571,0.666666667,0.592592593
24,21,3,2008,520,42,12,54,0.5,0.25,0.444444444
25,20,5,2008,530,42,12,54,0.476190476,0.416666667,0.462962963
22,19,3,2008,510,42,12,54,0.452380952,0.25,0.407407407
27,22,5,2008,550,42,12,54,0.523809524,0.416666667,0.5
23,19,4,2008,510,42,12,54,0.452380952,0.333333333,0.425925926
30,25,5,2008,570,42,12,54,0.595238095,0.416666667,0.555555556
22,18,4,2008,510,42,12,54,0.428571429,0.333333333,0.407407407
26,18,8,2008,540,42,12,54,0.428571429,0.666666667,0.481481481
29,26,3,2008,570,42,12,54,0.619047619,0.25,0.537037037
24,20,4,2008,520,42,12,54,0.476190476,0.333333333,0.444444444
23,17,6,2008,510,42,12,54,0.404761905,0.5,0.425925926
26,22,4,2008,540,42,12,54,0.523809524,0.333333333,0.481481481
22,20,2,2008,510,42,12,54,0.476190476,0.166666667,0.407407407
28,22,6,2008,560,42,12,54,0.523809524,0.5,0.518518519
28,23,5,2008,560,42,12,54,0.547619048,0.416666667,0.518518519
26,21,5,2008,540,42,12,54,0.5,0.416666667,0.481481481
26,20,6,2008,540,42,12,54,0.476190476,0.5,0.481481481
30,27,3,2008,570,42,12,54,0.642857143,0.25,0.555555556
27,24,3,2008,550,42,12,54,0.571428571,0.25,0.5
28,23,5,2008,560,42,12,54,0.547619048,0.416666667,0.518518519
21,16,5,2008,510,42,12,54,0.380952381,0.416666667,0.388888889
28,21,7,2008,560,42,12,54,0.5,0.583333333,0.518518519
26,21,5,2008,540,42,12,54,0.5,0.416666667,0.481481481
27,19,8,2008,550,42,12,54,0.452380952,0.666666667,0.5
19,14,5,2008,490,42,12,54,0.333333333,0.416666667,0.351851852
21,19,2,2008,510,42,12,54,0.452380952,0.166666667,0.388888889
29,25,4,2008,570,42,12,54,0.595238095,0.333333333,0.537037037
22,19,3,2008,510,42,12,54,0.452380952,0.25,0.407407407
25,23,2,2008,530,42,12,54,0.547619048,0.166666667,0.462962963
22,19,3,2008,510,42,12,54,0.452380952,0.25,0.407407407
19,17,2,2008,490,42,12,54,0.404761905,0.166666667,0.351851852
26,21,5,2008,540,42,12,54,0.5,0.416666667,0.481481481
22,18,4,2008,510,42,12,54,0.428571429,0.333333333,0.407407407
23,20,3,2008,510,42,12,54,0.476190476,0.25,0.425925926
23,19,4,2008,510,42,12,54,0.452380952,0.333333333,0.425925926
23,19,4,2008,510,42,12,54,0.452380952,0.333333333,0.425925926
26,19,7,2008,540,42,12,54,0.452380952,0.583333333,0.481481481
28,23,5,2008,560,42,12,54,0.547619048,0.416666667,0.518518519
25,21,4,2008,530,42,12,54,0.5,0.333333333,0.462962963
29,23,6,2008,570,42,12,54,0.547619048,0.5,0.537037037
31,26,5,2008,570,42,12,54,0.619047619,0.416666667,0.574074074
23,19,4,2008,510,42,12,54,0.452380952,0.333333333,0.425925926
29,23,6,2008,570,42,12,54,0.547619048,0.5,0.537037037
27,22,5,2008,550,42,12,54,0.523809524,0.416666667,0.5
28,22,6,2008,560,42,12,54,0.523809524,0.5,0.518518519
27,19,8,2009,550,42,12,54,0.452380952,0.666666667,0.5
30,25,5,2009,570,42,12,54,0.595238095,0.416666667,0.555555556
26,20,6,2009,540,42,12,54,0.476190476,0.5,0.481481481
25,19,6,2009,530,42,12,54,0.452380952,0.5,0.462962963
25,20,5,2009,530,42,12,54,0.476190476,0.416666667,0.462962963
28,20,8,2009,560,42,12,54,0.476190476,0.666666667,0.518518519
25,18,7,2009,530,42,12,54,0.428571429,0.583333333,0.462962963
25,18,7,2009,530,42,12,54,0.428571429,0.583333333,0.462962963
25,20,5,2009,530,42,12,54,0.476190476,0.416666667,0.462962963
23,17,6,2009,510,42,12,54,0.404761905,0.5,0.425925926
27,20,7,2009,550,42,12,54,0.476190476,0.583333333,0.5
21,15,6,2009,510,42,12,54,0.357142857,0.5,0.388888889
26,20,6,2009,540,42,12,54,0.476190476,0.5,0.481481481
32,24,8,2009,580,42,12,54,0.571428571,0.666666667,0.592592593
30,23,7,2009,570,42,12,54,0.547619048,0.583333333,0.555555556
22,16,6,2009,510,42,12,54,0.380952381,0.5,0.407407407
25,20,5,2009,530,42,12,54,0.476190476,0.416666667,0.462962963
25,17,8,2009,530,42,12,54,0.404761905,0.666666667,0.462962963
24,19,5,2009,520,42,12,54,0.452380952,0.416666667,0.444444444
28,22,6,2009,560,42,12,54,0.523809524,0.5,0.518518519
23,17,6,2009,510,42,12,54,0.404761905,0.5,0.425925926
25,20,5,2009,530,42,12,54,0.476190476,0.416666667,0.462962963
29,23,6,2009,570,42,12,54,0.547619048,0.5,0.537037037
22,16,6,2009,510,42,12,54,0.380952381,0.5,0.407407407
28,21,7,2009,560,42,12,54,0.5,0.583333333,0.518518519
29,21,8,2009,570,42,12,54,0.5,0.666666667,0.537037037
26,21,5,2009,540,42,12,54,0.5,0.416666667,0.481481481
24,19,5,2009,520,42,12,54,0.452380952,0.416666667,0.444444444
25,17,8,2009,530,42,12,54,0.404761905,0.666666667,0.462962963
27,20,7,2009,550,42,12,54,0.476190476,0.583333333,0.5
26,19,7,2009,540,42,12,54,0.452380952,0.583333333,0.481481481
20,15,5,2009,500,42,12,54,0.357142857,0.416666667,0.37037037
25,18,7,2009,530,42,12,54,0.428571429,0.583333333,0.462962963
27,22,5,2009,550,42,12,54,0.523809524,0.416666667,0.5
25,19,6,2009,530,42,12,54,0.452380952,0.5,0.462962963
24,17,7,2009,520,42,12,54,0.404761905,0.583333333,0.444444444
27,19,8,2009,550,42,12,54,0.452380952,0.666666667,0.5
29,21,8,2009,570,42,12,54,0.5,0.666666667,0.537037037
25,18,7,2009,530,42,12,54,0.428571429,0.583333333,0.462962963
25,20,5,2009,530,42,12,54,0.476190476,0.416666667,0.462962963
24,18,6,2009,520,42,12,54,0.428571429,0.5,0.444444444
24,18,6,2009,520,42,12,54,0.428571429,0.5,0.444444444
28,20,8,2009,560,42,12,54,0.476190476,0.666666667,0.518518519
27,20,7,2009,550,42,12,54,0.476190476,0.583333333,0.5
24,19,5,2009,520,42,12,54,0.452380952,0.416666667,0.444444444
21,17,4,2009,510,42,12,54,0.404761905,0.333333333,0.388888889
25,19,6,2009,530,42,12,54,0.452380952,0.5,0.462962963
23,19,4,2009,510,42,12,54,0.452380952,0.333333333,0.425925926
21,15,6,2009,510,42,12,54,0.357142857,0.5,0.388888889
30,23,7,2009,570,42,12,54,0.547619048,0.583333333,0.555555556
29,24,5,2010,570,42,12,54,0.571428571,0.416666667,0.537037037
29,21,8,2010,570,42,12,54,0.5,0.666666667,0.537037037
31,24,7,2010,570,42,12,54,0.571428571,0.583333333,0.574074074
24,18,6,2010,520,42,12,54,0.428571429,0.5,0.444444444
28,20,8,2010,560,42,12,54,0.476190476,0.666666667,0.518518519
32,25,7,2010,580,42,12,54,0.595238095,0.583333333,0.592592593
29,23,6,2010,570,42,12,54,0.547619048,0.5,0.537037037
33,25,8,2010,590,42,12,54,0.595238095,0.666666667,0.611111111
32,24,8,2010,580,42,12,54,0.571428571,0.666666667,0.592592593
30,21,9,2010,570,42,12,54,0.5,0.75,0.555555556
30,23,7,2010,570,42,12,54,0.547619048,0.583333333,0.555555556
29,21,8,2010,570,42,12,54,0.5,0.666666667,0.537037037
31,23,8,2010,570,42,12,54,0.547619048,0.666666667,0.574074074
28,20,8,2010,560,42,12,54,0.476190476,0.666666667,0.518518519
30,23,7,2010,570,42,12,54,0.547619048,0.583333333,0.555555556
30,22,8,2010,570,42,12,54,0.523809524,0.666666667,0.555555556
30,21,9,2010,570,42,12,54,0.5,0.75,0.555555556
28,20,8,2010,560,42,12,54,0.476190476,0.666666667,0.518518519
26,19,7,2010,540,42,12,54,0.452380952,0.583333333,0.481481481
31,25,6,2010,570,42,12,54,0.595238095,0.5,0.574074074
31,24,7,2010,570,42,12,54,0.571428571,0.583333333,0.574074074
30,23,7,2010,570,42,12,54,0.547619048,0.583333333,0.555555556
29,22,7,2010,570,42,12,54,0.523809524,0.583333333,0.537037037
29,23,6,2010,570,42,12,54,0.547619048,0.5,0.537037037
30,23,7,2010,570,42,12,54,0.547619048,0.583333333,0.555555556
32,25,7,2010,580,42,12,54,0.595238095,0.583333333,0.592592593
29,20,9,2010,570,42,12,54,0.476190476,0.75,0.537037037
29,21,8,2010,570,42,12,54,0.5,0.666666667,0.537037037
29,21,8,2010,570,42,12,54,0.5,0.666666667,0.537037037
30,24,6,2010,570,42,12,54,0.571428571,0.5,0.555555556
28,21,7,2010,560,42,12,54,0.5,0.583333333,0.518518519
26,18,8,2010,540,42,12,54,0.428571429,0.666666667,0.481481481
30,21,9,2010,570,42,12,54,0.5,0.75,0.555555556
32,24,8,2010,580,42,12,54,0.571428571,0.666666667,0.592592593
30,21,9,2010,570,42,12,54,0.5,0.75,0.555555556
30,21,9,2010,570,42,12,54,0.5,0.75,0.555555556
31,24,7,2010,570,42,12,54,0.571428571,0.583333333,0.574074074
31,23,8,2010,570,42,12,54,0.547619048,0.666666667,0.574074074
25,18,7,2010,530,42,12,54,0.428571429,0.583333333,0.462962963
30,22,8,2010,570,42,12,54,0.523809524,0.666666667,0.555555556
33,23,10,2010,590,42,12,54,0.547619048,0.833333333,0.611111111
30,22,8,2010,570,42,12,54,0.523809524,0.666666667,0.555555556
30,24,6,2010,570,42,12,54,0.571428571,0.5,0.555555556
31,24,7,2010,570,42,12,54,0.571428571,0.583333333,0.574074074
35,25,10,2010,610,42,12,54,0.595238095,0.833333333,0.648148148
26,20,6,2010,540,42,12,54,0.476190476,0.5,0.481481481
30,23,7,2010,570,42,12,54,0.547619048,0.583333333,0.555555556
27,21,6,2010,550,42,12,54,0.5,0.5,0.5
26,17,9,2010,540,42,12,54,0.404761905,0.75,0.481481481
31,22,9,2010,570,42,12,54,0.523809524,0.75,0.574074074
30,23,7,2011,570,42,12,54,0.547619048,0.583333333,0.555555556
30,23,7,2011,570,42,12,54,0.547619048,0.583333333,0.555555556
32,26,6,2011,580,42,12,54,0.619047619,0.5,0.592592593
26,21,5,2011,540,42,12,54,0.5,0.416666667,0.481481481
31,24,7,2011,570,42,12,54,0.571428571,0.583333333,0.574074074
29,22,7,2011,570,42,12,54,0.523809524,0.583333333,0.537037037
28,22,6,2011,560,42,12,54,0.523809524,0.5,0.518518519
24,18,6,2011,520,42,12,54,0.428571429,0.5,0.444444444
39,31,8,2011,640,42,12,54,0.738095238,0.666666667,0.722222222
30,23,7,2011,570,42,12,54,0.547619048,0.583333333,0.555555556
31,24,7,2011,570,42,12,54,0.571428571,0.583333333,0.574074074
29,23,6,2011,570,42,12,54,0.547619048,0.5,0.537037037
31,24,7,2011,570,42,12,54,0.571428571,0.583333333,0.574074074
31,23,8,2011,570,42,12,54,0.547619048,0.666666667,0.574074074
30,22,8,2011,570,42,12,54,0.523809524,0.666666667,0.555555556
26,20,6,2011,540,42,12,54,0.476190476,0.5,0.481481481
28,22,6,2011,560,42,12,54,0.523809524,0.5,0.518518519
28,22,6,2011,560,42,12,54,0.523809524,0.5,0.518518519
27,19,8,2011,550,42,12,54,0.452380952,0.666666667,0.5
30,24,6,2011,570,42,12,54,0.571428571,0.5,0.555555556
30,24,6,2011,570,42,12,54,0.571428571,0.5,0.555555556
29,22,7,2011,570,42,12,54,0.523809524,0.583333333,0.537037037
30,23,7,2011,570,42,12,54,0.547619048,0.583333333,0.555555556
35,28,7,2011,610,42,12,54,0.666666667,0.583333333,0.648148148
29,21,8,2011,570,42,12,54,0.5,0.666666667,0.537037037
29,24,5,2011,570,42,12,54,0.571428571,0.416666667,0.537037037
24,17,7,2011,520,42,12,54,0.404761905,0.583333333,0.444444444
32,22,10,2011,580,42,12,54,0.523809524,0.833333333,0.592592593
27,19,8,2011,550,42,12,54,0.452380952,0.666666667,0.5
35,28,7,2011,610,42,12,54,0.666666667,0.583333333,0.648148148
33,24,9,2011,590,42,12,54,0.571428571,0.75,0.611111111
34,27,7,2011,600,42,12,54,0.642857143,0.583333333,0.62962963
28,21,7,2011,560,42,12,54,0.5,0.583333333,0.518518519
33,25,8,2011,590,42,12,54,0.595238095,0.666666667,0.611111111
29,22,7,2011,570,42,12,54,0.523809524,0.583333333,0.537037037
27,21,6,2011,550,42,12,54,0.5,0.5,0.5
37,29,8,2011,620,42,12,54,0.69047619,0.666666667,0.685185185
31,24,7,2011,570,42,12,54,0.571428571,0.583333333,0.574074074
30,24,6,2011,570,42,12,54,0.571428571,0.5,0.555555556
30,22,8,2011,570,42,12,54,0.523809524,0.666666667,0.555555556
30,23,7,2011,570,42,12,54,0.547619048,0.583333333,0.555555556
28,22,6,2011,560,42,12,54,0.523809524,0.5,0.518518519
34,26,8,2011,600,42,12,54,0.619047619,0.666666667,0.62962963
29,23,6,2011,570,42,12,54,0.547619048,0.5,0.537037037
29,22,7,2011,570,42,12,54,0.523809524,0.583333333,0.537037037
29,22,7,2011,570,42,12,54,0.523809524,0.583333333,0.537037037
33,26,7,2011,590,42,12,54,0.619047619,0.583333333,0.611111111
33,26,7,2011,590,42,12,54,0.619047619,0.583333333,0.611111111
32,25,7,2011,580,42,12,54,0.595238095,0.583333333,0.592592593
33,27,6,2011,590,42,12,54,0.642857143,0.5,0.611111111
29,23,6,2012,570,42,12,54,0.547619048,0.5,0.537037037
29,23,6,2012,570,42,12,54,0.547619048,0.5,0.537037037
25,19,6,2012,530,42,12,54,0.452380952,0.5,0.462962963
27,20,7,2012,550,42,12,54,0.476190476,0.583333333,0.5
23,16,7,2012,510,42,12,54,0.380952381,0.583333333,0.425925926
27,20,7,2012,550,42,12,54,0.476190476,0.583333333,0.5
26,19,7,2012,540,42,12,54,0.452380952,0.583333333,0.481481481
18,12,6,2012,480,42,12,54,0.285714286,0.5,0.333333333
26,20,6,2012,540,42,12,54,0.476190476,0.5,0.481481481
29,23,6,2012,570,42,12,54,0.547619048,0.5,0.537037037
29,22,7,2012,570,42,12,54,0.523809524,0.583333333,0.537037037
28,21,7,2012,560,42,12,54,0.5,0.583333333,0.518518519
28,19,9,2012,560,42,12,54,0.452380952,0.75,0.518518519
27,22,5,2012,550,42,12,54,0.523809524,0.416666667,0.5
28,20,8,2012,560,42,12,54,0.476190476,0.666666667,0.518518519
29,23,6,2012,570,42,12,54,0.547619048,0.5,0.537037037
33,27,6,2012,590,42,12,54,0.642857143,0.5,0.611111111
20,16,4,2012,500,42,12,54,0.380952381,0.333333333,0.37037037
25,20,5,2012,530,42,12,54,0.476190476,0.416666667,0.462962963
25,17,8,2012,530,42,12,54,0.404761905,0.666666667,0.462962963
33,26,7,2012,590,42,12,54,0.619047619,0.583333333,0.611111111
29,22,7,2012,570,42,12,54,0.523809524,0.583333333,0.537037037
29,22,7,2012,570,42,12,54,0.523809524,0.583333333,0.537037037
26,21,5,2012,540,42,12,54,0.5,0.416666667,0.481481481
23,17,6,2012,510,42,12,54,0.404761905,0.5,0.425925926
27,22,5,2012,550,42,12,54,0.523809524,0.416666667,0.5
27,20,7,2012,550,42,12,54,0.476190476,0.583333333,0.5
24,21,3,2012,520,42,12,54,0.5,0.25,0.444444444
28,22,6,2012,560,42,12,54,0.523809524,0.5,0.518518519
28,21,7,2012,560,42,12,54,0.5,0.583333333,0.518518519
26,20,6,2012,540,42,12,54,0.476190476,0.5,0.481481481
29,24,5,2012,570,42,12,54,0.571428571,0.416666667,0.537037037
26,21,5,2012,540,42,12,54,0.5,0.416666667,0.481481481
30,23,7,2012,570,42,12,54,0.547619048,0.583333333,0.555555556
30,23,7,2012,570,42,12,54,0.547619048,0.583333333,0.555555556
28,22,6,2012,560,42,12,54,0.523809524,0.5,0.518518519
24,19,5,2012,520,42,12,54,0.452380952,0.416666667,0.444444444
25,19,6,2012,530,42,12,54,0.452380952,0.5,0.462962963
24,21,3,2012,520,42,12,54,0.5,0.25,0.444444444
31,25,6,2012,570,42,12,54,0.595238095,0.5,0.574074074
25,18,7,2012,530,42,12,54,0.428571429,0.583333333,0.462962963
27,21,6,2012,550,42,12,54,0.5,0.5,0.5
29,23,6,2012,570,42,12,54,0.547619048,0.5,0.537037037
24,20,4,2012,520,42,12,54,0.476190476,0.333333333,0.444444444
29,24,5,2012,570,42,12,54,0.571428571,0.416666667,0.537037037
23,19,4,2012,510,42,12,54,0.452380952,0.333333333,0.425925926
24,17,7,2012,520,42,12,54,0.404761905,0.583333333,0.444444444
26,21,5,2012,540,42,12,54,0.5,0.416666667,0.481481481
25,20,5,2012,530,42,12,54,0.476190476,0.416666667,0.462962963
25,19,6,2012,530,42,12,54,0.452380952,0.5,0.462962963
25,19,6,2013,530,42,12,54,0.452380952,0.5,0.462962963
31,26,5,2013,570,42,12,54,0.619047619,0.416666667,0.574074074
27,22,5,2013,550,42,12,54,0.523809524,0.416666667,0.5
32,27,5,2013,580,42,12,54,0.642857143,0.416666667,0.592592593
26,22,4,2013,540,42,12,54,0.523809524,0.333333333,0.481481481
27,20,7,2013,550,42,12,54,0.476190476,0.583333333,0.5
29,25,4,2013,570,42,12,54,0.595238095,0.333333333,0.537037037
30,25,5,2013,570,42,12,54,0.595238095,0.416666667,0.555555556
24,20,4,2013,520,42,12,54,0.476190476,0.333333333,0.444444444
24,20,4,2013,520,42,12,54,0.476190476,0.333333333,0.444444444
28,22,6,2013,560,42,12,54,0.523809524,0.5,0.518518519
27,23,4,2013,550,42,12,54,0.547619048,0.333333333,0.5
32,26,6,2013,580,42,12,54,0.619047619,0.5,0.592592593
30,23,7,2013,570,42,12,54,0.547619048,0.583333333,0.555555556
25,20,5,2013,530,42,12,54,0.476190476,0.416666667,0.462962963
25,20,5,2013,530,42,12,54,0.476190476,0.416666667,0.462962963
27,21,6,2013,550,42,12,54,0.5,0.5,0.5
30,23,7,2013,570,42,12,54,0.547619048,0.583333333,0.555555556
33,28,5,2013,590,42,12,54,0.666666667,0.416666667,0.611111111
27,22,5,2013,550,42,12,54,0.523809524,0.416666667,0.5
29,23,6,2013,570,42,12,54,0.547619048,0.5,0.537037037
28,23,5,2013,560,42,12,54,0.547619048,0.416666667,0.518518519
27,21,6,2013,550,42,12,54,0.5,0.5,0.5
23,19,4,2013,510,42,12,54,0.452380952,0.333333333,0.425925926
27,21,6,2013,550,42,12,54,0.5,0.5,0.5
27,23,4,2013,550,42,12,54,0.547619048,0.333333333,0.5
30,24,6,2013,570,42,12,54,0.571428571,0.5,0.555555556
28,22,6,2013,560,42,12,54,0.523809524,0.5,0.518518519
25,22,3,2013,530,42,12,54,0.523809524,0.25,0.462962963
33,26,7,2013,590,42,12,54,0.619047619,0.583333333,0.611111111
29,24,5,2013,570,42,12,54,0.571428571,0.416666667,0.537037037
28,24,4,2013,560,42,12,54,0.571428571,0.333333333,0.518518519
31,25,6,2013,570,42,12,54,0.595238095,0.5,0.574074074
19,15,4,2013,490,42,12,54,0.357142857,0.333333333,0.351851852
27,20,7,2013,550,42,12,54,0.476190476,0.583333333,0.5
29,23,6,2013,570,42,12,54,0.547619048,0.5,0.537037037
30,22,8,2013,570,42,12,54,0.523809524,0.666666667,0.555555556
35,31,4,2013,610,42,12,54,0.738095238,0.333333333,0.648148148
28,23,5,2013,560,42,12,54,0.547619048,0.416666667,0.518518519
26,20,6,2013,540,42,12,54,0.476190476,0.5,0.481481481
33,28,5,2013,590,42,12,54,0.666666667,0.416666667,0.611111111
27,22,5,2013,550,42,12,54,0.523809524,0.416666667,0.5
29,23,6,2013,570,42,12,54,0.547619048,0.5,0.537037037
30,24,6,2013,570,42,12,54,0.571428571,0.5,0.555555556
34,27,7,2013,600,42,12,54,0.642857143,0.583333333,0.62962963
28,23,5,2013,560,42,12,54,0.547619048,0.416666667,0.518518519
30,27,3,2013,570,42,12,54,0.642857143,0.25,0.555555556
28,23,5,2013,560,42,12,54,0.547619048,0.416666667,0.518518519
28,21,7,2013,560,42,12,54,0.5,0.583333333,0.518518519
28,23,5,2013,560,42,12,54,0.547619048,0.416666667,0.518518519
25,20,5,2014,530,42,12,54,0.476190476,0.416666667,0.462962963
30,24,6,2014,570,42,12,54,0.571428571,0.5,0.555555556
28,22,6,2014,560,42,12,54,0.523809524,0.5,0.518518519
30,24,6,2014,570,42,12,54,0.571428571,0.5,0.555555556
29,23,6,2014,570,42,12,54,0.547619048,0.5,0.537037037
29,24,5,2014,570,42,12,54,0.571428571,0.416666667,0.537037037
25,20,5,2014,530,42,12,54,0.476190476,0.416666667,0.462962963
25,21,4,2014,530,42,12,54,0.5,0.333333333,0.462962963
27,20,7,2014,550,42,12,54,0.476190476,0.583333333,0.5
29,26,3,2014,570,42,12,54,0.619047619,0.25,0.537037037
29,22,7,2014,570,42,12,54,0.523809524,0.583333333,0.537037037
29,23,6,2014,570,42,12,54,0.547619048,0.5,0.537037037
28,22,6,2014,560,42,12,54,0.523809524,0.5,0.518518519
26,22,4,2014,540,42,12,54,0.523809524,0.333333333,0.481481481
32,27,5,2014,580,42,12,54,0.642857143,0.416666667,0.592592593
24,18,6,2014,520,42,12,54,0.428571429,0.5,0.444444444
31,27,4,2014,570,42,12,54,0.642857143,0.333333333,0.574074074
24,20,4,2014,520,42,12,54,0.476190476,0.333333333,0.444444444
26,22,4,2014,540,42,12,54,0.523809524,0.333333333,0.481481481
30,24,6,2014,570,42,12,54,0.571428571,0.5,0.555555556
25,21,4,2014,530,42,12,54,0.5,0.333333333,0.462962963
26,20,6,2014,540,42,12,54,0.476190476,0.5,0.481481481
29,23,6,2014,570,42,12,54,0.547619048,0.5,0.537037037
34,28,6,2014,600,42,12,54,0.666666667,0.5,0.62962963
27,22,5,2014,550,42,12,54,0.523809524,0.416666667,0.5
28,22,6,2014,560,42,12,54,0.523809524,0.5,0.518518519
26,21,5,2014,540,42,12,54,0.5,0.416666667,0.481481481
29,24,5,2014,570,42,12,54,0.571428571,0.416666667,0.537037037
30,26,4,2014,570,42,12,54,0.619047619,0.333333333,0.555555556
25,20,5,2014,530,42,12,54,0.476190476,0.416666667,0.462962963
26,23,3,2014,540,42,12,54,0.547619048,0.25,0.481481481
28,22,6,2014,560,42,12,54,0.523809524,0.5,0.518518519
29,22,7,2014,570,42,12,54,0.523809524,0.583333333,0.537037037
28,21,7,2014,560,42,12,54,0.5,0.583333333,0.518518519
28,23,5,2014,560,42,12,54,0.547619048,0.416666667,0.518518519
28,23,5,2014,560,42,12,54,0.547619048,0.416666667,0.518518519
29,24,5,2014,570,42,12,54,0.571428571,0.416666667,0.537037037
29,24,5,2014,570,42,12,54,0.571428571,0.416666667,0.537037037
28,22,6,2014,560,42,12,54,0.523809524,0.5,0.518518519
29,24,5,2014,570,42,12,54,0.571428571,0.416666667,0.537037037
26,22,4,2014,540,42,12,54,0.523809524,0.333333333,0.481481481
31,25,6,2014,570,42,12,54,0.595238095,0.5,0.574074074
22,19,3,2014,510,42,12,54,0.452380952,0.25,0.407407407
27,23,4,2014,550,42,12,54,0.547619048,0.333333333,0.5
34,27,7,2014,600,42,12,54,0.642857143,0.583333333,0.62962963
27,21,6,2014,550,42,12,54,0.5,0.5,0.5
26,21,5,2014,540,42,12,54,0.5,0.416666667,0.481481481
31,25,6,2014,570,42,12,54,0.595238095,0.5,0.574074074
31,26,5,2014,570,42,12,54,0.619047619,0.416666667,0.574074074
29,25,4,2014,570,42,12,54,0.595238095,0.333333333,0.537037037
28,23,5,2015,560,42,12,54,0.547619048,0.416666667,0.518518519
26,20,6,2015,540,42,12,54,0.476190476,0.5,0.481481481
23,17,6,2015,510,42,12,54,0.404761905,0.5,0.425925926
22,19,3,2015,510,42,12,54,0.452380952,0.25,0.407407407
27,20,7,2015,550,42,12,54,0.476190476,0.583333333,0.5
20,17,3,2015,500,42,12,54,0.404761905,0.25,0.37037037
30,22,8,2015,570,42,12,54,0.523809524,0.666666667,0.555555556
31,27,4,2015,570,42,12,54,0.642857143,0.333333333,0.574074074
29,23,6,2015,570,42,12,54,0.547619048,0.5,0.537037037
22,19,3,2015,510,42,12,54,0.452380952,0.25,0.407407407
30,24,6,2015,570,42,12,54,0.571428571,0.5,0.555555556
26,20,6,2015,540,42,12,54,0.476190476,0.5,0.481481481
31,25,6,2015,570,42,12,54,0.595238095,0.5,0.574074074
30,24,6,2015,570,42,12,54,0.571428571,0.5,0.555555556
24,21,3,2015,520,42,12,54,0.5,0.25,0.444444444
27,20,7,2015,550,42,12,54,0.476190476,0.583333333,0.5
25,20,5,2015,530,42,12,54,0.476190476,0.416666667,0.462962963
30,26,4,2015,570,42,12,54,0.619047619,0.333333333,0.555555556
26,19,7,2015,540,42,12,54,0.452380952,0.583333333,0.481481481
27,21,6,2015,550,42,12,54,0.5,0.5,0.5
30,24,6,2015,570,42,12,54,0.571428571,0.5,0.555555556
23,17,6,2015,510,42,12,54,0.404761905,0.5,0.425925926
23,18,5,2015,510,42,12,54,0.428571429,0.416666667,0.425925926
21,14,7,2015,510,42,12,54,0.333333333,0.583333333,0.388888889
28,22,6,2015,560,42,12,54,0.523809524,0.5,0.518518519
23,18,5,2015,510,42,12,54,0.428571429,0.416666667,0.425925926
34,29,5,2015,600,42,12,54,0.69047619,0.416666667,0.62962963
29,21,8,2015,570,42,12,54,0.5,0.666666667,0.537037037
33,25,8,2015,590,42,12,54,0.595238095,0.666666667,0.611111111
25,19,6,2015,530,42,12,54,0.452380952,0.5,0.462962963
27,21,6,2015,550,42,12,54,0.5,0.5,0.5
29,24,5,2015,570,42,12,54,0.571428571,0.416666667,0.537037037
26,21,5,2015,540,42,12,54,0.5,0.416666667,0.481481481
29,25,4,2015,570,42,12,54,0.595238095,0.333333333,0.537037037
22,19,3,2015,510,42,12,54,0.452380952,0.25,0.407407407
30,24,6,2015,570,42,12,54,0.571428571,0.5,0.555555556
24,19,5,2015,520,42,12,54,0.452380952,0.416666667,0.444444444
29,25,4,2015,570,42,12,54,0.595238095,0.333333333,0.537037037
29,22,7,2015,570,42,12,54,0.523809524,0.583333333,0.537037037
26,21,5,2015,540,42,12,54,0.5,0.416666667,0.481481481
28,22,6,2015,560,42,12,54,0.523809524,0.5,0.518518519
29,25,4,2015,570,42,12,54,0.595238095,0.333333333,0.537037037
28,24,4,2015,560,42,12,54,0.571428571,0.333333333,0.518518519
29,23,6,2015,570,42,12,54,0.547619048,0.5,0.537037037
30,25,5,2015,570,42,12,54,0.595238095,0.416666667,0.555555556
27,22,5,2015,550,42,12,54,0.523809524,0.416666667,0.5
24,20,4,2015,520,42,12,54,0.476190476,0.333333333,0.444444444
30,25,5,2015,570,42,12,54,0.595238095,0.416666667,0.555555556
29,24,5,2015,570,42,12,54,0.571428571,0.416666667,0.537037037
27,21,6,2015,550,42,12,54,0.5,0.5,0.5
29,23,6,2016,570,42,12,54,0.547619048,0.5,0.537037037
28,22,6,2016,560,42,12,54,0.523809524,0.5,0.518518519
28,23,5,2016,560,42,12,54,0.547619048,0.416666667,0.518518519
30,24,6,2016,570,42,12,54,0.571428571,0.5,0.555555556
26,20,6,2016,540,42,12,54,0.476190476,0.5,0.481481481
24,19,5,2016,520,42,12,54,0.452380952,0.416666667,0.444444444
28,23,5,2016,560,42,12,54,0.547619048,0.416666667,0.518518519
29,23,6,2016,570,42,12,54,0.547619048,0.5,0.537037037
27,22,5,2016,550,42,12,54,0.523809524,0.416666667,0.5
28,22,6,2016,560,42,12,54,0.523809524,0.5,0.518518519
27,21,6,2016,550,42,12,54,0.5,0.5,0.5
29,23,6,2016,570,42,12,54,0.547619048,0.5,0.537037037
27,21,6,2016,550,42,12,54,0.5,0.5,0.5
26,21,5,2016,540,42,12,54,0.5,0.416666667,0.481481481
27,22,5,2016,550,42,12,54,0.523809524,0.416666667,0.5
32,25,7,2016,580,42,12,54,0.595238095,0.583333333,0.592592593
28,22,6,2016,560,42,12,54,0.523809524,0.5,0.518518519
29,23,6,2016,570,42,12,54,0.547619048,0.5,0.537037037
25,19,6,2016,530,42,12,54,0.452380952,0.5,0.462962963
28,23,5,2016,560,42,12,54,0.547619048,0.416666667,0.518518519
24,18,6,2016,520,42,12,54,0.428571429,0.5,0.444444444
30,24,6,2016,570,42,12,54,0.571428571,0.5,0.555555556
29,23,6,2016,570,42,12,54,0.547619048,0.5,0.537037037
28,22,6,2016,560,42,12,54,0.523809524,0.5,0.518518519
28,22,6,2016,560,42,12,54,0.523809524,0.5,0.518518519
27,22,5,2016,550,42,12,54,0.523809524,0.416666667,0.5
25,20,5,2016,530,42,12,54,0.476190476,0.416666667,0.462962963
30,23,7,2016,570,42,12,54,0.547619048,0.583333333,0.555555556
24,18,6,2016,520,42,12,54,0.428571429,0.5,0.444444444
28,21,7,2016,560,42,12,54,0.5,0.583333333,0.518518519
26,21,5,2016,540,42,12,54,0.5,0.416666667,0.481481481
29,24,5,2016,570,42,12,54,0.571428571,0.416666667,0.537037037
24,18,6,2016,520,42,12,54,0.428571429,0.5,0.444444444
27,21,6,2016,550,42,12,54,0.5,0.5,0.5
26,21,5,2016,540,42,12,54,0.5,0.416666667,0.481481481
29,23,6,2016,570,42,12,54,0.547619048,0.5,0.537037037
27,22,5,2016,550,42,12,54,0.523809524,0.416666667,0.5
28,22,6,2016,560,42,12,54,0.523809524,0.5,0.518518519
29,23,6,2016,570,42,12,54,0.547619048,0.5,0.537037037
27,21,6,2016,550,42,12,54,0.5,0.5,0.5
27,22,5,2016,550,42,12,54,0.523809524,0.416666667,0.5
30,24,6,2016,570,42,12,54,0.571428571,0.5,0.555555556
26,20,6,2016,540,42,12,54,0.476190476,0.5,0.481481481
26,21,5,2016,540,42,12,54,0.5,0.416666667,0.481481481
29,23,6,2016,570,42,12,54,0.547619048,0.5,0.537037037
27,21,6,2016,550,42,12,54,0.5,0.5,0.5
28,23,5,2016,560,42,12,54,0.547619048,0.416666667,0.518518519
24,19,5,2016,520,42,12,54,0.452380952,0.416666667,0.444444444
27,20,7,2016,550,42,12,54,0.476190476,0.583333333,0.5
27,21,6,2016,550,42,12,54,0.5,0.5,0.5
35,29,6,2017,570,45,13,58,0.644444444,0.461538462,0.603448276
33,25,8,2017,560,45,13,58,0.555555556,0.615384615,0.568965517
36,29,7,2017,580,45,13,58,0.644444444,0.538461538,0.620689655
31,26,5,2017,540,45,13,58,0.577777778,0.384615385,0.534482759
31,23,8,2017,540,45,13,58,0.511111111,0.615384615,0.534482759
36,29,7,2017,580,45,13,58,0.644444444,0.538461538,0.620689655
32,28,4,2017,550,45,13,58,0.622222222,0.307692308,0.551724138
34,25,9,2017,560,45,13,58,0.555555556,0.692307692,0.586206897
24,21,3,2017,480,45,13,58,0.466666667,0.230769231,0.413793103
31,27,4,2017,540,45,13,58,0.6,0.307692308,0.534482759
32,26,6,2017,550,45,13,58,0.577777778,0.461538462,0.551724138
33,25,8,2017,560,45,13,58,0.555555556,0.615384615,0.568965517
33,29,4,2017,560,45,13,58,0.644444444,0.307692308,0.568965517
40,33,7,2017,610,45,13,58,0.733333333,0.538461538,0.689655172
34,29,5,2017,560,45,13,58,0.644444444,0.384615385,0.586206897
28,22,6,2017,520,45,13,58,0.488888889,0.461538462,0.482758621
33,28,5,2017,560,45,13,58,0.622222222,0.384615385,0.568965517
34,26,8,2017,560,45,13,58,0.577777778,0.615384615,0.586206897
34,28,6,2017,560,45,13,58,0.622222222,0.461538462,0.586206897
36,27,9,2017,580,45,13,58,0.6,0.692307692,0.620689655
42,35,7,2017,630,45,13,58,0.777777778,0.538461538,0.724137931
33,26,7,2017,560,45,13,58,0.577777778,0.538461538,0.568965517
35,30,5,2017,570,45,13,58,0.666666667,0.384615385,0.603448276
31,25,6,2017,540,45,13,58,0.555555556,0.461538462,0.534482759
31,26,5,2017,540,45,13,58,0.577777778,0.384615385,0.534482759
31,27,4,2017,540,45,13,58,0.6,0.307692308,0.534482759
36,31,5,2017,580,45,13,58,0.688888889,0.384615385,0.620689655
33,27,6,2017,560,45,13,58,0.6,0.461538462,0.568965517
30,25,5,2017,530,45,13,58,0.555555556,0.384615385,0.517241379
38,30,8,2017,600,45,13,58,0.666666667,0.615384615,0.655172414
34,27,7,2017,560,45,13,58,0.6,0.538461538,0.586206897
32,26,6,2017,550,45,13,58,0.577777778,0.461538462,0.551724138
33,26,7,2017,560,45,13,58,0.577777778,0.538461538,0.568965517
35,28,7,2017,570,45,13,58,0.622222222,0.538461538,0.603448276
34,29,5,2017,560,45,13,58,0.644444444,0.384615385,0.586206897
27,20,7,2017,510,45,13,58,0.444444444,0.538461538,0.465517241
31,25,6,2017,540,45,13,58,0.555555556,0.461538462,0.534482759
34,27,7,2017,560,45,13,58,0.6,0.538461538,0.586206897
35,29,6,2017,570,45,13,58,0.644444444,0.461538462,0.603448276
32,26,6,2017,550,45,13,58,0.577777778,0.461538462,0.551724138
32,26,6,2017,550,45,13,58,0.577777778,0.461538462,0.551724138
32,28,4,2017,550,45,13,58,0.622222222,0.307692308,0.551724138
34,29,5,2017,560,45,13,58,0.644444444,0.384615385,0.586206897
34,29,5,2017,560,45,13,58,0.644444444,0.384615385,0.586206897
35,27,8,2017,570,45,13,58,0.6,0.615384615,0.603448276
34,27,7,2017,560,45,13,58,0.6,0.538461538,0.586206897
35,29,6,2017,570,45,13,58,0.644444444,0.461538462,0.603448276
35,29,6,2017,570,45,13,58,0.644444444,0.461538462,0.603448276
34,27,7,2017,560,45,13,58,0.6,0.538461538,0.586206897
33,26,7,2017,560,45,13,58,0.577777778,0.538461538,0.568965517
30,24,6,2018,530,45,13,58,0.533333333,0.461538462,0.517241379
32,25,7,2018,550,45,13,58,0.555555556,0.538461538,0.551724138
32,27,5,2018,550,45,13,58,0.6,0.384615385,0.551724138
33,27,6,2018,560,45,13,58,0.6,0.461538462,0.568965517
36,29,7,2018,580,45,13,58,0.644444444,0.538461538,0.620689655
31,24,7,2018,540,45,13,58,0.533333333,0.538461538,0.534482759
31,25,6,2018,540,45,13,58,0.555555556,0.461538462,0.534482759
30,23,7,2018,530,45,13,58,0.511111111,0.538461538,0.517241379
30,23,7,2018,530,45,13,58,0.511111111,0.538461538,0.517241379
34,27,7,2018,560,45,13,58,0.6,0.538461538,0.586206897
32,26,6,2018,550,45,13,58,0.577777778,0.461538462,0.551724138
32,25,7,2018,550,45,13,58,0.555555556,0.538461538,0.551724138
33,27,6,2018,560,45,13,58,0.6,0.461538462,0.568965517
33,25,8,2018,560,45,13,58,0.555555556,0.615384615,0.568965517
34,28,6,2018,560,45,13,58,0.622222222,0.461538462,0.586206897
34,29,5,2018,560,45,13,58,0.644444444,0.384615385,0.586206897
36,30,6,2018,580,45,13,58,0.666666667,0.461538462,0.620689655
34,27,7,2018,560,45,13,58,0.6,0.538461538,0.586206897
33,28,5,2018,560,45,13,58,0.622222222,0.384615385,0.568965517
33,27,6,2018,560,45,13,58,0.6,0.461538462,0.568965517
35,29,6,2018,570,45,13,58,0.644444444,0.461538462,0.603448276
33,27,6,2018,560,45,13,58,0.6,0.461538462,0.568965517
36,29,7,2018,580,45,13,58,0.644444444,0.538461538,0.620689655
33,27,6,2018,560,45,13,58,0.6,0.461538462,0.568965517
32,27,5,2018,550,45,13,58,0.6,0.384615385,0.551724138
33,27,6,2018,560,45,13,58,0.6,0.461538462,0.568965517
31,26,5,2018,540,45,13,58,0.577777778,0.384615385,0.534482759
30,24,6,2018,530,45,13,58,0.533333333,0.461538462,0.517241379
38,31,7,2018,600,45,13,58,0.688888889,0.538461538,0.655172414
31,24,7,2018,540,45,13,58,0.533333333,0.538461538,0.534482759
33,27,6,2018,560,45,13,58,0.6,0.461538462,0.568965517
36,29,7,2018,580,45,13,58,0.644444444,0.538461538,0.620689655
28,22,6,2018,520,45,13,58,0.488888889,0.461538462,0.482758621
32,26,6,2018,550,45,13,58,0.577777778,0.461538462,0.551724138
34,27,7,2018,560,45,13,58,0.6,0.538461538,0.586206897
38,32,6,2018,600,45,13,58,0.711111111,0.461538462,0.655172414
34,27,7,2018,560,45,13,58,0.6,0.538461538,0.586206897
33,26,7,2018,560,45,13,58,0.577777778,0.538461538,0.568965517
32,26,6,2018,550,45,13,58,0.577777778,0.461538462,0.551724138
31,25,6,2018,540,45,13,58,0.555555556,0.461538462,0.534482759
32,25,7,2018,550,45,13,58,0.555555556,0.538461538,0.551724138
36,29,7,2018,580,45,13,58,0.644444444,0.538461538,0.620689655
34,26,8,2018,560,45,13,58,0.577777778,0.615384615,0.586206897
34,26,8,2018,560,45,13,58,0.577777778,0.615384615,0.586206897
32,26,6,2018,550,45,13,58,0.577777778,0.461538462,0.551724138
33,27,6,2018,560,45,13,58,0.6,0.461538462,0.568965517
32,26,6,2018,550,45,13,58,0.577777778,0.461538462,0.551724138
34,28,6,2018,560,45,13,58,0.622222222,0.461538462,0.586206897
35,29,6,2018,570,45,13,58,0.644444444,0.461538462,0.603448276
33,25,8,2018,560,45,13,58,0.555555556,0.615384615,0.568965517
32,27,5,2019,550,45,13,58,0.6,0.384615385,0.551724138
38,30,8,2019,600,45,13,58,0.666666667,0.615384615,0.655172414
36,29,7,2019,580,45,13,58,0.644444444,0.538461538,0.620689655
32,28,4,2019,550,45,13,58,0.622222222,0.307692308,0.551724138
31,28,3,2019,540,45,13,58,0.622222222,0.230769231,0.534482759
37,29,8,2019,590,45,13,58,0.644444444,0.615384615,0.637931034
38,31,7,2019,600,45,13,58,0.688888889,0.538461538,0.655172414
33,28,5,2019,560,45,13,58,0.622222222,0.384615385,0.568965517
36,30,6,2019,580,45,13,58,0.666666667,0.461538462,0.620689655
37,31,6,2019,590,45,13,58,0.688888889,0.461538462,0.637931034
39,31,8,2019,600,45,13,58,0.688888889,0.615384615,0.672413793
36,31,5,2019,580,45,13,58,0.688888889,0.384615385,0.620689655
30,25,5,2019,530,45,13,58,0.555555556,0.384615385,0.517241379
35,29,6,2019,570,45,13,58,0.644444444,0.461538462,0.603448276
34,29,5,2019,560,45,13,58,0.644444444,0.384615385,0.586206897
32,24,8,2019,550,45,13,58,0.533333333,0.615384615,0.551724138
34,27,7,2019,560,45,13,58,0.6,0.538461538,0.586206897
32,26,6,2019,550,45,13,58,0.577777778,0.461538462,0.551724138
37,33,4,2019,590,45,13,58,0.733333333,0.307692308,0.637931034
34,29,5,2019,560,45,13,58,0.644444444,0.384615385,0.586206897
37,31,6,2019,590,45,13,58,0.688888889,0.461538462,0.637931034
35,29,6,2019,570,45,13,58,0.644444444,0.461538462,0.603448276
40,32,8,2019,610,45,13,58,0.711111111,0.615384615,0.689655172
33,28,5,2019,560,45,13,58,0.622222222,0.384615385,0.568965517
31,24,7,2019,540,45,13,58,0.533333333,0.538461538,0.534482759
29,25,4,2019,520,45,13,58,0.555555556,0.307692308,0.5
34,27,7,2019,560,45,13,58,0.6,0.538461538,0.586206897
41,32,9,2019,620,45,13,58,0.711111111,0.692307692,0.706896552
32,28,4,2019,550,45,13,58,0.622222222,0.307692308,0.551724138
35,27,8,2019,570,45,13,58,0.6,0.615384615,0.603448276
32,29,3,2019,550,45,13,58,0.644444444,0.230769231,0.551724138
32,28,4,2019,550,45,13,58,0.622222222,0.307692308,0.551724138
36,32,4,2019,580,45,13,58,0.711111111,0.307692308,0.620689655
42,33,9,2019,630,45,13,58,0.733333333,0.692307692,0.724137931
40,31,9,2019,610,45,13,58,0.688888889,0.692307692,0.689655172
36,28,8,2019,580,45,13,58,0.622222222,0.615384615,0.620689655
36,30,6,2019,580,45,13,58,0.666666667,0.461538462,0.620689655
38,31,7,2019,600,45,13,58,0.688888889,0.538461538,0.655172414
29,24,5,2019,520,45,13,58,0.533333333,0.384615385,0.5
35,29,6,2019,570,45,13,58,0.644444444,0.461538462,0.603448276
30,26,4,2019,530,45,13,58,0.577777778,0.307692308,0.517241379
30,25,5,2019,530,45,13,58,0.555555556,0.384615385,0.517241379
34,28,6,2019,560,45,13,58,0.622222222,0.461538462,0.586206897
29,23,6,2019,520,45,13,58,0.511111111,0.461538462,0.5
39,32,7,2019,600,45,13,58,0.711111111,0.538461538,0.672413793
32,27,5,2019,550,45,13,58,0.6,0.384615385,0.551724138
34,28,6,2019,560,45,13,58,0.622222222,0.461538462,0.586206897
33,24,9,2019,560,45,13,58,0.533333333,0.692307692,0.568965517
30,26,4,2019,530,45,13,58,0.577777778,0.307692308,0.517241379
31,26,5,2019,540,45,13,58,0.577777778,0.384615385,0.534482759
35,29,6,2020,570,45,13,58,0.644444444,0.461538462,0.603448276
39,31,8,2020,600,45,13,58,0.688888889,0.615384615,0.672413793
38,27,11,2020,600,45,13,58,0.6,0.846153846,0.655172414
44,34,10,2020,650,45,13,58,0.755555556,0.769230769,0.75862069
34,26,8,2020,560,45,13,58,0.577777778,0.615384615,0.586206897
37,28,9,2020,590,45,13,58,0.622222222,0.692307692,0.637931034
39,31,8,2020,600,45,13,58,0.688888889,0.615384615,0.672413793
40,30,10,2020,610,45,13,58,0.666666667,0.769230769,0.689655172
37,29,8,2020,590,45,13,58,0.644444444,0.615384615,0.637931034
40,30,10,2020,610,45,13,58,0.666666667,0.769230769,0.689655172
36,27,9,2020,580,45,13,58,0.6,0.692307692,0.620689655
39,31,8,2020,600,45,13,58,0.688888889,0.615384615,0.672413793
37,30,7,2020,590,45,13,58,0.666666667,0.538461538,0.637931034
38,29,9,2020,600,45,13,58,0.644444444,0.692307692,0.655172414
38,31,7,2020,600,45,13,58,0.688888889,0.538461538,0.655172414
44,34,10,2020,650,45,13,58,0.755555556,0.769230769,0.75862069
36,27,9,2020,580,45,13,58,0.6,0.692307692,0.620689655
38,29,9,2020,600,45,13,58,0.644444444,0.692307692,0.655172414
37,27,10,2020,590,45,13,58,0.6,0.769230769,0.637931034
33,24,9,2020,560,45,13,58,0.533333333,0.692307692,0.568965517
40,30,10,2020,610,45,13,58,0.666666667,0.769230769,0.689655172
33,25,8,2020,560,45,13,58,0.555555556,0.615384615,0.568965517
42,33,9,2020,630,45,13,58,0.733333333,0.692307692,0.724137931
42,33,9,2020,630,45,13,58,0.733333333,0.692307692,0.724137931
38,29,9,2020,600,45,13,58,0.644444444,0.692307692,0.655172414
41,32,9,2020,620,45,13,58,0.711111111,0.692307692,0.706896552
43,33,10,2020,640,45,13,58,0.733333333,0.769230769,0.74137931
43,33,10,2020,640,45,13,58,0.733333333,0.769230769,0.74137931
39,29,10,2020,600,45,13,58,0.644444444,0.769230769,0.672413793
34,25,9,2020,560,45,13,58,0.555555556,0.692307692,0.586206897
40,34,6,2020,610,45,13,58,0.755555556,0.461538462,0.689655172
38,30,8,2020,600,45,13,58,0.666666667,0.615384615,0.655172414
34,26,8,2020,560,45,13,58,0.577777778,0.615384615,0.586206897
35,25,10,2020,570,45,13,58,0.555555556,0.769230769,0.603448276
38,32,6,2020,600,45,13,58,0.711111111,0.461538462,0.655172414
36,29,7,2020,580,45,13,58,0.644444444,0.538461538,0.620689655
40,30,10,2020,610,45,13,58,0.666666667,0.769230769,0.689655172
39,30,9,2020,600,45,13,58,0.666666667,0.692307692,0.672413793
40,30,10,2020,610,45,13,58,0.666666667,0.769230769,0.689655172
39,31,8,2020,600,45,13,58,0.688888889,0.615384615,0.672413793
38,27,11,2020,600,45,13,58,0.6,0.846153846,0.655172414
39,28,11,2020,600,45,13,58,0.622222222,0.846153846,0.672413793
39,28,11,2020,600,45,13,58,0.622222222,0.846153846,0.672413793
37,30,7,2020,590,45,13,58,0.666666667,0.538461538,0.637931034
36,28,8,2020,580,45,13,58,0.622222222,0.615384615,0.620689655
37,30,7,2020,590,45,13,58,0.666666667,0.538461538,0.637931034
39,32,7,2020,600,45,13,58,0.711111111,0.538461538,0.672413793
38,29,9,2020,600,45,13,58,0.644444444,0.692307692,0.655172414
35,28,7,2020,570,45,13,58,0.622222222,0.538461538,0.603448276
35,28,7,2020,570,45,13,58,0.622222222,0.538461538,0.603448276
36,26,10,2021,580,45,13,58,0.577777778,0.769230769,0.620689655
36,26,10,2021,580,45,13,58,0.577777778,0.769230769,0.620689655
38,28,10,2021,600,45,13,58,0.622222222,0.769230769,0.655172414
39,28,11,2021,600,45,13,58,0.622222222,0.846153846,0.672413793
35,25,10,2021,570,45,13,58,0.555555556,0.769230769,0.603448276
35,25,10,2021,570,45,13,58,0.555555556,0.769230769,0.603448276
36,26,10,2021,580,45,13,58,0.577777778,0.769230769,0.620689655
39,29,10,2021,600,45,13,58,0.644444444,0.769230769,0.672413793
37,27,10,2021,590,45,13,58,0.6,0.769230769,0.637931034
34,24,10,2021,560,45,13,58,0.533333333,0.769230769,0.586206897
35,26,9,2021,570,45,13,58,0.577777778,0.692307692,0.603448276
36,27,9,2021,580,45,13,58,0.6,0.692307692,0.620689655
32,22,10,2021,550,45,13,58,0.488888889,0.769230769,0.551724138
36,26,10,2021,580,45,13,58,0.577777778,0.769230769,0.620689655
36,26,10,2021,580,45,13,58,0.577777778,0.769230769,0.620689655
36,26,10,2021,580,45,13,58,0.577777778,0.769230769,0.620689655
36,26,10,2021,580,45,13,58,0.577777778,0.769230769,0.620689655
37,27,10,2021,590,45,13,58,0.6,0.769230769,0.637931034
38,29,9,2021,600,45,13,58,0.644444444,0.692307692,0.655172414
34,25,9,2021,560,45,13,58,0.555555556,0.692307692,0.586206897
36,26,10,2021,580,45,13,58,0.577777778,0.769230769,0.620689655
35,25,10,2021,570,45,13,58,0.555555556,0.769230769,0.603448276
37,26,11,2021,590,45,13,58,0.577777778,0.846153846,0.637931034
35,25,10,2021,570,45,13,58,0.555555556,0.769230769,0.603448276
33,24,9,2021,560,45,13,58,0.533333333,0.692307692,0.568965517
32,22,10,2021,550,45,13,58,0.488888889,0.769230769,0.551724138
36,26,10,2021,580,45,13,58,0.577777778,0.769230769,0.620689655
35,25,10,2021,570,45,13,58,0.555555556,0.769230769,0.603448276
37,26,11,2021,590,45,13,58,0.577777778,0.846153846,0.637931034
39,29,10,2021,600,45,13,58,0.644444444,0.769230769,0.672413793
37,27,10,2021,590,45,13,58,0.6,0.769230769,0.637931034
38,28,10,2021,600,45,13,58,0.622222222,0.769230769,0.655172414
34,23,11,2021,560,45,13,58,0.511111111,0.846153846,0.586206897
35,25,10,2021,570,45,13,58,0.555555556,0.769230769,0.603448276
36,26,10,2021,580,45,13,58,0.577777778,0.769230769,0.620689655
39,29,10,2021,600,45,13,58,0.644444444,0.769230769,0.672413793
36,26,10,2021,580,45,13,58,0.577777778,0.769230769,0.620689655
37,28,9,2021,590,45,13,58,0.622222222,0.692307692,0.637931034
33,23,10,2021,560,45,13,58,0.511111111,0.769230769,0.568965517
36,26,10,2021,580,45,13,58,0.577777778,0.769230769,0.620689655
32,22,10,2021,550,45,13,58,0.488888889,0.769230769,0.551724138
37,27,10,2021,590,45,13,58,0.6,0.769230769,0.637931034
37,28,9,2021,590,45,13,58,0.622222222,0.692307692,0.637931034
37,28,9,2021,590,45,13,58,0.622222222,0.692307692,0.637931034
36,26,10,2021,580,45,13,58,0.577777778,0.769230769,0.620689655
34,24,10,2021,560,45,13,58,0.533333333,0.769230769,0.586206897
36,26,10,2021,580,45,13,58,0.577777778,0.769230769,0.620689655
37,28,9,2021,590,45,13,58,0.622222222,0.692307692,0.637931034
35,25,10,2021,570,45,13,58,0.555555556,0.769230769,0.603448276
38,28,10,2021,600,45,13,58,0.622222222,0.769230769,0.655172414
37,30,7,2022,590,45,13,58,0.666666667,0.538461538,0.637931034
38,30,8,2022,600,45,13,58,0.666666667,0.615384615,0.655172414
35,28,7,2022,570,45,13,58,0.622222222,0.538461538,0.603448276
36,28,8,2022,580,45,13,58,0.622222222,0.615384615,0.620689655
35,27,8,2022,570,45,13,58,0.6,0.615384615,0.603448276
36,29,7,2022,580,45,13,58,0.644444444,0.538461538,0.620689655
38,32,6,2022,600,45,13,58,0.711111111,0.461538462,0.655172414
39,32,7,2022,600,45,13,58,0.711111111,0.538461538,0.672413793
40,32,8,2022,610,45,13,58,0.711111111,0.615384615,0.689655172
37,30,7,2022,590,45,13,58,0.666666667,0.538461538,0.637931034
38,31,7,2022,600,45,13,58,0.688888889,0.538461538,0.655172414
37,29,8,2022,590,45,13,58,0.644444444,0.615384615,0.637931034
37,29,8,2022,590,45,13,58,0.644444444,0.615384615,0.637931034
40,33,7,2022,610,45,13,58,0.733333333,0.538461538,0.689655172
36,29,7,2022,580,45,13,58,0.644444444,0.538461538,0.620689655
37,30,7,2022,590,45,13,58,0.666666667,0.538461538,0.637931034
36,29,7,2022,580,45,13,58,0.644444444,0.538461538,0.620689655
40,33,7,2022,610,45,13,58,0.733333333,0.538461538,0.689655172
40,32,8,2022,610,45,13,58,0.711111111,0.615384615,0.689655172
34,29,5,2022,560,45,13,58,0.644444444,0.384615385,0.586206897
36,30,6,2022,580,45,13,58,0.666666667,0.461538462,0.620689655
40,31,9,2022,610,45,13,58,0.688888889,0.692307692,0.689655172
40,33,7,2022,610,45,13,58,0.733333333,0.538461538,0.689655172
36,29,7,2022,580,45,13,58,0.644444444,0.538461538,0.620689655
35,29,6,2022,570,45,13,58,0.644444444,0.461538462,0.603448276
38,31,7,2022,600,45,13,58,0.688888889,0.538461538,0.655172414
39,32,7,2022,600,45,13,58,0.711111111,0.538461538,0.672413793
38,31,7,2022,600,45,13,58,0.688888889,0.538461538,0.655172414
39,30,9,2022,600,45,13,58,0.666666667,0.692307692,0.672413793
36,28,8,2022,580,45,13,58,0.622222222,0.615384615,0.620689655
38,29,9,2022,600,45,13,58,0.644444444,0.692307692,0.655172414
39,31,8,2022,600,45,13,58,0.688888889,0.615384615,0.672413793
39,30,9,2022,600,45,13,58,0.666666667,0.692307692,0.672413793
35,28,7,2022,570,45,13,58,0.622222222,0.538461538,0.603448276
39,32,7,2022,600,45,13,58,0.711111111,0.538461538,0.672413793
36,30,6,2022,580,45,13,58,0.666666667,0.461538462,0.620689655
38,31,7,2022,600,45,13,58,0.688888889,0.538461538,0.655172414
38,32,6,2022,600,45,13,58,0.711111111,0.461538462,0.655172414
39,32,7,2022,600,45,13,58,0.711111111,0.538461538,0.672413793
39,33,6,2022,600,45,13,58,0.733333333,0.461538462,0.672413793
44,34,10,2022,650,45,13,58,0.755555556,0.769230769,0.75862069
37,28,9,2022,590,45,13,58,0.622222222,0.692307692,0.637931034
37,30,7,2022,590,45,13,58,0.666666667,0.538461538,0.637931034
38,30,8,2022,600,45,13,58,0.666666667,0.615384615,0.655172414
38,31,7,2022,600,45,13,58,0.688888889,0.538461538,0.655172414
35,28,7,2022,570,45,13,58,0.622222222,0.538461538,0.603448276
38,29,9,2022,600,45,13,58,0.644444444,0.692307692,0.655172414
34,26,8,2022,560,45,13,58,0.577777778,0.615384615,0.586206897
36,29,7,2022,580,45,13,58,0.644444444,0.538461538,0.620689655
39,32,7,2022,600,45,13,58,0.711111111,0.538461538,0.672413793
41,33,8,2023,620,45,13,58,0.733333333,0.615384615,0.706896552
41,32,9,2023,620,45,13,58,0.711111111,0.692307692,0.706896552
38,27,11,2023,600,45,13,58,0.6,0.846153846,0.655172414
37,31,6,2023,590,45,13,58,0.688888889,0.461538462,0.637931034
37,28,9,2023,590,45,13,58,0.622222222,0.692307692,0.637931034
41,32,9,2023,620,45,13,58,0.711111111,0.692307692,0.706896552
35,29,6,2023,570,45,13,58,0.644444444,0.461538462,0.603448276
42,31,11,2023,630,45,13,58,0.688888889,0.846153846,0.724137931
38,30,8,2023,600,45,13,58,0.666666667,0.615384615,0.655172414
39,32,7,2023,600,45,13,58,0.711111111,0.538461538,0.672413793
38,32,6,2023,600,45,13,58,0.711111111,0.461538462,0.655172414
41,31,10,2023,620,45,13,58,0.688888889,0.769230769,0.706896552
38,32,6,2023,600,45,13,58,0.711111111,0.461538462,0.655172414
38,30,8,2023,600,45,13,58,0.666666667,0.615384615,0.655172414
39,31,8,2023,600,45,13,58,0.688888889,0.615384615,0.672413793
38,32,6,2023,600,45,13,58,0.711111111,0.461538462,0.655172414
43,32,11,2023,640,45,13,58,0.711111111,0.846153846,0.74137931
42,32,10,2023,630,45,13,58,0.711111111,0.769230769,0.724137931
44,34,10,2023,650,45,13,58,0.755555556,0.769230769,0.75862069
43,34,9,2023,640,45,13,58,0.755555556,0.692307692,0.74137931
34,26,8,2023,560,45,13,58,0.577777778,0.615384615,0.586206897
35,29,6,2023,570,45,13,58,0.644444444,0.461538462,0.603448276
38,31,7,2023,600,45,13,58,0.688888889,0.538461538,0.655172414
40,31,9,2023,610,45,13,58,0.688888889,0.692307692,0.689655172
38,31,7,2023,600,45,13,58,0.688888889,0.538461538,0.655172414
39,31,8,2023,600,45,13,58,0.688888889,0.615384615,0.672413793
36,32,4,2023,580,45,13,58,0.711111111,0.307692308,0.620689655
40,33,7,2023,610,45,13,58,0.733333333,0.538461538,0.689655172
36,29,7,2023,580,45,13,58,0.644444444,0.538461538,0.620689655
44,35,9,2023,650,45,13,58,0.777777778,0.692307692,0.75862069
39,31,8,2023,600,45,13,58,0.688888889,0.615384615,0.672413793
42,32,10,2023,630,45,13,58,0.711111111,0.769230769,0.724137931
41,34,7,2023,620,45,13,58,0.755555556,0.538461538,0.706896552
42,35,7,2023,630,45,13,58,0.777777778,0.538461538,0.724137931
40,34,6,2023,610,45,13,58,0.755555556,0.461538462,0.689655172
37,32,5,2023,590,45,13,58,0.711111111,0.384615385,0.637931034
36,29,7,2023,580,45,13,58,0.644444444,0.538461538,0.620689655
33,27,6,2023,560,45,13,58,0.6,0.461538462,0.568965517
37,32,5,2023,590,45,13,58,0.711111111,0.384615385,0.637931034
39,33,6,2023,600,45,13,58,0.733333333,0.461538462,0.672413793
39,32,7,2023,600,45,13,58,0.711111111,0.538461538,0.672413793
41,36,5,2023,620,45,13,58,0.8,0.384615385,0.706896552
43,34,9,2023,640,45,13,58,0.755555556,0.692307692,0.74137931
37,29,8,2023,590,45,13,58,0.644444444,0.615384615,0.637931034
41,32,9,2023,620,45,13,58,0.711111111,0.692307692,0.706896552
44,36,8,2023,650,45,13,58,0.8,0.615384615,0.75862069
38,31,7,2023,600,45,13,58,0.688888889,0.538461538,0.655172414
35,27,8,2023,570,45,13,58,0.6,0.615384615,0.603448276
39,30,9,2023,600,45,13,58,0.666666667,0.692307692,0.672413793
41,33,8,2023,620,45,13,58,0.733333333,0.615384615,0.706896552
